method,category,pesq_mean,pesq_std,pesq_count,stoi_mean,stoi_std,stoi_count,estoi_mean,estoi_std,estoi_count,si_sdr_mean,si_sdr_std,si_sdr_count,snr_mean,snr_std,snr_count,segsnr_mean,segsnr_std,segsnr_count,snr_gain_mean,snr_gain_std,snr_gain_count,si_sdr_gain_mean,si_sdr_gain_std,si_sdr_gain_count,pesq_gain_mean,pesq_gain_std,pesq_gain_count,stoi_gain_mean,stoi_gain_std,stoi_gain_count,rtf_mean,rtf_std,rtf_count,pesq_nb_mean,pesq_nb_std,pesq_nb_count,pesq_nb_gain_mean,pesq_nb_gain_std,pesq_nb_gain_count,burst_si_sdr_gain_mean,burst_si_sdr_gain_std,burst_si_sdr_gain_count,burst_snr_gain_mean,burst_snr_gain_std,burst_snr_gain_count,burst_frac_mean,burst_frac_std,burst_frac_count
onnx:artifacts/gtcrn_dns3_simple.onnx,artillery,1.6305932213862737,0.4553758425042807,120,0.8318860088681301,0.11375098972743858,120,0.6866477934736194,0.17286133756073938,120,7.771005966492339,6.358428402819445,120,8.678449708112426,5.346860715931093,120,7.267016618072491,5.354044356185047,120,8.13533381311928,3.5545400695724023,120,7.284385115099015,3.6637215664967817,120,0.442819024125735,0.34048948743816776,120,0.06686867627736338,0.04743085781032143,120,0.4684936381253768,0.018694871503808892,120,2.239961239695549,0.597004643675115,120,0.5945856213569641,0.3760401670380253,120,7.02906223607499,4.563180304163381,120,9.866205060152252,4.631493623860147,120,0.203498828125,0.11545771434260352,120
onnx:artifacts/gtcrn_dns3_simple.onnx,babble,1.6991365998983383,0.5967140330371755,120,0.8183960387567865,0.1533512437297839,120,0.6718278229301966,0.21026789749885827,120,8.299770401134866,7.9611870211805424,120,9.450301879348396,6.346348060341746,120,6.888028389127265,5.893526080283098,120,4.7796442650581765,3.728123071945154,120,3.8554001037575065,4.014941682622222,120,0.3665037403504054,0.33743251331315577,120,0.03364267601252471,0.056072311274798954,120,0.5792272704168379,0.05621530615241188,120,2.2256768961747486,0.7128537980987795,120,0.42029450833797455,0.3559678548922106,120,,,0,,,0,,,0
onnx:artifacts/gtcrn_dns3_simple.onnx,engine,1.96313533782959,0.647402306788194,120,0.8699972146285418,0.09847494038420117,120,0.7469028721239853,0.15443486464759854,120,10.400073482743947,5.994557423006844,120,10.93477345010219,5.286605767861573,120,8.715510052734002,5.173921951244322,120,5.340712604493856,3.4891720524202223,120,4.821159389397599,3.2667754229962234,120,0.5833344499270121,0.40720420226517806,120,0.053965784349125336,0.04398282292317067,120,0.5470049918748676,0.07165837207204973,120,2.555475072065989,0.7263501962400434,120,0.6375856747229894,0.3837739556832,120,,,0,,,0,,,0
onnx:artifacts/gtcrn_dns3_simple.onnx,gunshot,1.7961438258488973,0.560287600726823,120,0.848538295081856,0.11278269306228447,120,0.7186264064412727,0.17023723728154078,120,8.513858909290024,6.829984656992763,120,9.263899877384656,6.022527401054141,120,7.866467390786534,5.46017795884522,120,6.430911652970549,3.40123007763117,120,5.736877418356176,3.4349051003102735,120,0.4987312078475952,0.35066365774398267,120,0.06644698879520813,0.04779338965554678,120,0.48374998916685097,0.07051502986723739,120,2.3688741544882457,0.6253793046035789,120,0.6018753161032995,0.3487237738563785,120,5.829866052499686,4.832148897743329,120,7.798147905086707,4.725680287072218,120,0.18746588541666667,0.11007904827898801,120
onnx:artifacts/gtcrn_dns3_simple.onnx,rotor,1.8647128244241078,0.549752369645242,120,0.869369238948954,0.10870654579992736,120,0.7454053694856863,0.15714327625952088,120,10.106200415891417,5.585787653043807,120,10.581518020356357,4.955083854350116,120,8.228971285044352,4.742545305045936,120,4.469487093343332,3.3520395190837315,120,4.0290168443516725,3.3138904742700883,120,0.5108499934275945,0.35331703834939077,120,0.04636744196129523,0.04484999232345259,120,0.48505972229165006,0.06378141383200593,120,2.49746017853419,0.6116854549757862,120,0.6015912940104803,0.3041915920204567,120,,,0,,,0,,,0
onnx:artifacts/gtcrn_dns3_simple.onnx,siren,1.9301456918319067,0.5503029487032792,120,0.8845557817624802,0.08414746134751046,120,0.7672090816389814,0.13628593886608095,120,11.074479792836248,5.641406750576134,120,11.496499427846373,5.016356739054186,120,9.043916828411882,4.6735783093657535,120,4.800942881031513,3.6966448638157114,120,4.441184561643897,3.5710673807226274,120,0.5660590022802353,0.3822465370601964,120,0.04761856017992345,0.04230597635811274,120,0.6037085285411498,0.09629106478294037,120,2.5373213330904645,0.5957845621508782,120,0.6493592480818431,0.37985096612699065,120,,,0,,,0,,,0
onnx:artifacts/model_combat32_simple.onnx,artillery,1.856466684738795,0.5578314169629612,120,0.8533984136028213,0.10799923732903768,120,0.7241019981356133,0.16408496311161563,120,9.622012301006345,5.562160424885808,120,10.287681991485751,4.7988772775820605,120,8.680682678697552,5.026689734335474,120,9.744566096492605,3.5447340604864075,120,9.13539144961302,3.4348703623253,120,0.6686924874782563,0.4393305571097604,120,0.08838108101205452,0.05481406058305962,120,0.701073400416135,0.032367148738970716,120,2.4688655416170757,0.6445084560266621,120,0.8234899232784907,0.4035912778928221,120,8.778818218145517,4.677669187125394,120,11.334007126099745,4.673967528637526,120,0.203498828125,0.11545771434260352,120
onnx:artifacts/model_combat32_simple.onnx,babble,1.9957779934008917,0.7136365657021929,120,0.8507166961081786,0.138969911659484,120,0.7223798263429512,0.19682708287746895,120,10.106919301631065,7.418783218274449,120,10.974507930576445,5.996267682411598,120,8.390909643075636,5.624485750134699,120,6.3038503162862245,3.4854257607738184,120,5.662549004253705,3.5420783367616617,120,0.6631451338529587,0.44363335483907795,120,0.06596333336391673,0.05287588505691203,120,0.681206421042225,0.022918770911148613,120,2.512561575571696,0.7636665410269811,120,0.7071791877349217,0.3963729449930058,120,,,0,,,0,,,0
onnx:artifacts/model_combat32_simple.onnx,engine,2.2692735423644383,0.7650846181925255,120,0.8891647415697707,0.0867238723663165,120,0.7783775718702799,0.14334985680527154,120,12.005458404465488,6.10016436901693,120,12.384597130492626,5.461110977848885,120,9.824657911045486,5.517544644727995,120,6.790536284884291,3.2641646460915563,120,6.426544311119141,3.069200990102846,120,0.8894726544618606,0.5221610467494069,120,0.07313331129035412,0.04805457321519075,120,0.6860080020838116,0.02366084667322846,120,2.821438279747963,0.7504509354047955,120,0.9035488824049632,0.40890310395408197,120,,,0,,,0,,,0
onnx:artifacts/model_combat32_simple.onnx,gunshot,2.0917540401220323,0.6442340646151832,120,0.8705313027259253,0.10133664664219709,120,0.7541276928509089,0.16015100272456542,120,11.03068283488855,5.587670382126224,120,11.511042678691199,4.992213680667645,120,9.473441467928945,5.4536576406142006,120,8.67805445427709,4.056403944862082,120,8.253701343954704,3.9607140884638645,120,0.7943414221207301,0.437799179085488,120,0.08843999643927741,0.05073430947776131,120,0.7161533985415492,0.04585801894596936,120,2.654339846968651,0.6661207865229918,120,0.8873410085837047,0.4124740917374996,120,8.385898164887006,5.406353570575235,120,9.917742954864496,5.5922980976794054,120,0.18746588541666667,0.11007904827898801,120
onnx:artifacts/model_combat32_simple.onnx,rotor,2.1734841177860895,0.6493201164082387,120,0.8898047037334796,0.09738101204324431,120,0.7794576002694662,0.14772118490299274,120,11.808550335724554,5.293606073100297,120,12.177947268497547,4.735049847145118,120,9.420977951785312,4.776785200983558,120,6.065916341484523,3.4605234192953085,120,5.731366764184809,3.405781038162154,120,0.8196212867895762,0.43628597779617345,120,0.06680290674582084,0.04829313923936678,120,0.6796803033324977,0.017633819887622765,120,2.7799102514982224,0.6427271074382774,120,0.8840413669745127,0.3479082279541591,120,,,0,,,0,,,0
onnx:artifacts/model_combat32_simple.onnx,siren,2.2511745740969977,0.6272246974530878,120,0.9050014863210268,0.07413699519249382,120,0.8015242729974885,0.12660533919649508,120,12.731535404909083,5.251744989023329,120,13.000808468167763,4.758015761585873,120,10.210870867473856,4.578018255672939,120,6.305251921352903,3.4682034138972253,120,6.09824017371673,3.4122622426769644,120,0.8870878845453263,0.4147090722344098,120,0.06806426473847002,0.04741819795618409,120,0.6972086945833629,0.03455811161015946,120,2.8486195743083953,0.6027934731539922,120,0.9606574892997741,0.35380544438585276,120,,,0,,,0,,,0
onnx:artifacts/model_fresh32_simple.onnx,artillery,1.8818045963843664,0.5760007908591164,120,0.8578477602139649,0.10603545405514785,120,0.7288329752081213,0.1634477403975617,120,9.629878371830422,5.664283300472045,120,10.313588595904076,4.856493553126976,120,8.820659595253664,5.117651324790756,120,9.770472700910931,3.567789473904409,120,9.143257520437098,3.5093459512170933,120,0.6940303991238276,0.4523389410428605,120,0.09283042762319821,0.05591267877152542,120,0.772022854375488,0.05188609417386596,120,2.4945418745279313,0.63697442087883,120,0.8491662561893463,0.41012109582269296,120,8.834349310625033,4.468513149051647,120,11.368374462216694,4.744063828409694,120,0.203498828125,0.11545771434260352,120
onnx:artifacts/model_fresh32_simple.onnx,babble,1.9956243326266607,0.7065085873394946,120,0.8514067913601503,0.14166201765202469,120,0.723947248698114,0.19957594852344593,120,10.094946016092898,7.529621299619915,120,10.999310159241338,6.054206129956343,120,8.362640508686972,5.653140168399792,120,6.328652544951117,3.5337923787794026,120,5.650575718715538,3.7279457135999667,120,0.6629914730787277,0.4404726720690681,120,0.06665342861588862,0.055254097982981684,120,0.7059473072919596,0.029970192728997036,120,2.5247648606697717,0.7573035578486762,120,0.7193824728329976,0.40245278036884274,120,,,0,,,0,,,0
onnx:artifacts/model_fresh32_simple.onnx,engine,2.279176903764407,0.7434612773699615,120,0.8918498021145164,0.08456148375697774,120,0.782033934604047,0.14154919138061534,120,12.160354232749013,5.958049870286382,120,12.519821806646494,5.332743205850986,120,9.939313966635053,5.42318765922997,120,6.92576096103816,3.3171621105329367,120,6.581440139402668,3.1069661869093927,120,0.8993760158618291,0.5128052594294298,120,0.0758183718350998,0.04964106984314262,120,0.7481631418757995,0.06094941604262693,120,2.8440149893363316,0.7417755993191572,120,0.9261255919933319,0.40689331814078283,120,,,0,,,0,,,0
onnx:artifacts/model_fresh32_simple.onnx,gunshot,2.1177462468544643,0.6535163587946231,120,0.8730530791744125,0.10033962363437761,120,0.7572766254969706,0.15890046953737855,120,11.016976468361333,5.744111759931522,120,11.52567689326554,5.084358368221672,120,9.47129112822926,5.436496708123792,120,8.692688668851435,3.8994318753081822,120,8.239994977427488,3.820545303897761,120,0.8203336288531621,0.44795763349666257,120,0.09096177288776461,0.05273910857516941,120,0.8050562777088393,0.11219537526593604,120,2.6787103533744814,0.6588158218877819,120,0.9117115149895351,0.40117096201816455,120,8.48712228553738,5.244549619459073,120,9.943697278161663,5.464788382219873,120,0.18746588541666667,0.11007904827898801,120
onnx:artifacts/model_fresh32_simple.onnx,rotor,2.1887304931879044,0.6478385270491953,120,0.8907956760134405,0.09595627682989565,120,0.7812405260379626,0.1475038021757453,120,11.811551494992846,5.283897810448839,120,12.172723760649635,4.734803258274333,120,9.454827004000581,4.810077783228678,120,6.06069283363661,3.495761584259309,120,5.734367923453103,3.4512680184564806,120,0.834867662191391,0.43768397407025134,120,0.06779387902578175,0.04971018151899629,120,0.7839542474989382,0.03870416246775858,120,2.793189969658852,0.6407374126034776,120,0.897321085135142,0.3517148652146306,120,,,0,,,0,,,0
onnx:artifacts/model_fresh32_simple.onnx,siren,2.2827051122983297,0.6143983900625721,120,0.9080697228768265,0.07281288989070407,120,0.8057369216378529,0.12705701054821855,120,12.895139350153222,5.339833512202232,120,13.151917391836422,4.867594810978401,120,10.298420177676812,4.65136707186939,120,6.456360845021561,3.4836204681465635,120,6.2618441189608705,3.462996433933354,120,0.9186184227466583,0.410649297122581,120,0.07113250129426969,0.04724013002901576,120,0.7456456381245516,0.030913653651460066,120,2.8787416100502012,0.5976929959081657,120,0.9907795250415802,0.34778451753408046,120,,,0,,,0,,,0
onnx:artifacts/model_lowsnr_simple.onnx,artillery,1.6648816972970963,0.4596339360357411,120,0.8263234071966252,0.11397013761723425,120,0.6817340449757592,0.17529144896570925,120,7.894230578616756,5.778068941710463,120,8.920316834795964,4.529876607742237,120,7.6893583478590335,4.749771630611807,120,8.377200939802817,4.243947037278455,120,7.407609727223431,4.495853825890836,120,0.4771075000365575,0.36244463794668047,120,0.0613060746058584,0.05348612008367591,120,0.49087600791699515,0.022548108191558384,120,2.250350011388461,0.5874778065967264,120,0.6049743930498759,0.411847302845216,120,7.558800131710145,5.0468688185520225,120,10.62286466970715,4.947524346063048,120,0.203498828125,0.11545771434260352,120
onnx:artifacts/model_lowsnr_simple.onnx,babble,1.7510504732529322,0.6111237538188742,120,0.8137268964573703,0.16113706676121373,120,0.6719578530255222,0.2157456038622146,120,7.742367489859324,8.61486175180619,120,9.32515487373433,5.844023568812806,120,7.1769825001212855,5.355090855431555,120,4.65449725944411,4.0321446555801455,120,3.297997192481964,5.277684926556115,120,0.4184176137049993,0.35601544815366387,120,0.028973533713108544,0.06305114758171604,120,0.45690580125016517,0.02482753490857858,120,2.2552554110685983,0.7140034422226652,120,0.44987302323182427,0.35664176712227286,120,,,0,,,0,,,0
onnx:artifacts/model_lowsnr_simple.onnx,engine,1.9907908161481223,0.6294061018944576,120,0.8668871870211444,0.09877249435269413,120,0.7442512411807336,0.15701555659174518,120,10.23749318565294,5.89687191246306,120,10.79151654743777,5.083102329017858,120,8.802948011750358,5.1309764807649705,120,5.197455701829436,3.940204103916437,120,4.658579092306594,3.7631536128736016,120,0.6109899282455444,0.3951375026379345,120,0.050855756741727896,0.04482264562413754,120,0.4578150435418744,0.02242085555867439,120,2.578112999598185,0.7105095749885388,120,0.6602236022551854,0.36817145290487857,120,,,0,,,0,,,0
onnx:artifacts/model_lowsnr_simple.onnx,gunshot,1.8397810051838557,0.5495361632440023,120,0.847012850685818,0.11376974108879062,120,0.7177680907695374,0.1721777343005166,120,9.357578988893561,5.8035038248022826,120,10.101205607943786,4.837452539489453,120,8.420121129986544,5.12600562914824,120,7.268217383529678,4.350139396800192,120,6.580597497959715,4.345240477915362,120,0.5423683871825536,0.3422627081043493,120,0.06492154439917011,0.04607166509767463,120,0.4979825320838548,0.03711124449393261,120,2.4033893555402757,0.6212439003040628,120,0.6363905171553293,0.3574000057750682,120,7.151440074403925,5.4354636159652125,120,8.782703906002325,5.847645622732734,120,0.18746588541666667,0.11007904827898801,120
onnx:artifacts/model_lowsnr_simple.onnx,rotor,1.8906414767106374,0.5314988768277449,120,0.8678695410021737,0.10719614576103978,120,0.745843869744535,0.15591377221075825,120,10.044257336109764,5.045648654629683,120,10.555198857019608,4.345125166679128,120,8.367739744065352,4.486063363216994,120,4.443167930006582,4.073417653638682,120,3.9670737645700216,4.081115521017963,120,0.536778645714124,0.35351261183410526,120,0.044867744014514876,0.04577284579281376,120,0.5089703847918524,0.032452407949736264,120,2.49682796895504,0.5904755325795511,120,0.6009590844313304,0.31625355229598456,120,,,0,,,0,,,0
onnx:artifacts/model_lowsnr_simple.onnx,siren,1.985163696606954,0.5458597549036162,120,0.8838505620165635,0.08577932557293856,120,0.7678117848683519,0.135987498343847,120,10.895744454249515,5.608706622089489,120,11.407110670223851,4.825639503611994,120,9.18216342032207,4.450106449655315,120,4.711554123408991,3.833532208531304,120,4.262449223057164,3.8461364065448604,120,0.6210770070552826,0.3579440424851608,120,0.04691334043400678,0.041918818820952365,120,0.4351394818752548,0.02567261419385177,120,2.5715746780236564,0.58550368772924,120,0.683612593015035,0.36983595537143593,120,,,0,,,0,,,0
onnx:artifacts/model_short24_simple.onnx,artillery,1.7236875037352244,0.5279423792907323,120,0.839898746598233,0.11042395689746534,120,0.6965780150557337,0.1725549656920981,120,8.71424352173483,5.417940432619973,120,9.39956413498761,4.471179973155384,120,7.653704809625355,4.422042961046012,120,8.856448239994466,3.6781196650712835,120,8.227622670341505,3.52386284539051,120,0.5359133064746857,0.3991006096491575,120,0.0748814140074663,0.05060436067958253,120,0.6497804541664663,0.0730419089429912,120,2.2995804150899253,0.6368473345426805,120,0.6542047967513402,0.39335839791020405,120,7.592178436920305,5.174835167579495,120,10.735816199880663,5.183448064945044,120,0.203498828125,0.11545771434260352,120
onnx:artifacts/model_short24_simple.onnx,babble,1.8715833127498627,0.6955107818341354,120,0.8355507919931913,0.14634511423132587,120,0.6974218825495836,0.20535218729756174,120,9.234964656617109,7.6379147087952335,120,10.10198611504221,5.801804980258516,120,7.40433106410936,5.098203270500274,120,5.431328500751989,3.405711605379065,120,4.7905943592397495,3.577494747983187,120,0.5389504532019297,0.4121393204896483,120,0.05079742924892964,0.047712274748560365,120,0.7068074647911999,0.10114648249762022,120,2.368841549754143,0.7697182630625229,120,0.5634591619173686,0.36773096603660954,120,,,0,,,0,,,0
onnx:artifacts/model_short24_simple.onnx,engine,2.0808874756097793,0.7391794220709871,120,0.8740794976885741,0.09601293954124172,120,0.7522528469263039,0.15375381905483199,120,11.040754101855097,6.16909633354598,120,11.298238351709417,5.2645370523035835,120,8.764809243292069,4.991420260273708,120,5.704177506101083,3.3458121111570267,120,5.46184000850875,3.0101917400936746,120,0.7010865877072017,0.493753385133663,120,0.05804806740915747,0.04267575099800524,120,0.6284049570830879,0.022997155882536924,120,2.634558867414792,0.7832307308754646,120,0.7166694700717926,0.41568908204147104,120,,,0,,,0,,,0
onnx:artifacts/model_short24_simple.onnx,gunshot,1.9359170784552893,0.6101611074930477,120,0.8550006108177608,0.1114672325881236,120,0.726288019436394,0.17557512543692855,120,9.914361656276496,5.80073987664943,120,10.435678638975865,4.830548195566255,120,8.279498950856572,5.009714212391726,120,7.602690414561759,3.95241143127489,120,7.137380165342648,3.7912417490047625,120,0.6385044604539871,0.3740702025691149,120,0.07290930453111293,0.04160631697185214,120,0.8047655912506646,0.20154077030274484,120,2.4895421475172044,0.6721681987727868,120,0.7225433091322581,0.37175633786290935,120,7.430181705926412,5.290635991159652,120,8.989977589939173,5.5670694129377285,120,0.18746588541666667,0.11007904827898801,120
onnx:artifacts/model_short24_simple.onnx,rotor,2.005323631564776,0.6275874630210672,120,0.8760858009746574,0.10496374455708164,120,0.7568336972890527,0.1570442332160062,120,10.912556420026654,5.295249845950793,120,11.210014448290286,4.549126685315114,120,8.52014698758135,4.345889877487756,120,5.09798352127726,3.4983436858639334,120,4.83537284848691,3.393664502225462,120,0.6514608005682627,0.4088728061935815,120,0.05308400398699868,0.042985931176404785,120,0.6280693070849035,0.020235681779520277,120,2.602965850631396,0.658194602054342,120,0.7070969661076864,0.33820184672997494,120,,,0,,,0,,,0
onnx:artifacts/model_short24_simple.onnx,siren,2.0934899896383286,0.6293253118168903,120,0.8943371458492059,0.08121959485635184,120,0.7795435283516792,0.1379042038981871,120,12.014323317878954,5.400118926494121,120,12.151543961757492,4.656027326122581,120,9.283093282724371,4.275383843012929,120,5.455987414942632,3.437050231063483,120,5.3810280866866025,3.418524964970978,120,0.7294033000866572,0.41729633605699196,120,0.0573999242666491,0.042531403400518066,120,0.6474753541658477,0.04997702531554236,120,2.68032552699248,0.6455735002000504,120,0.7923634419838588,0.37764736000140053,120,,,0,,,0,,,0
onnx:artifacts/model_simple.onnx,artillery,1.724866971373558,0.5050285680056816,120,0.835723513540127,0.11311556746009181,120,0.6940621560878012,0.17179576572130853,120,8.558707444064796,5.5420883777871195,120,9.334149737342864,4.677810375765865,120,7.746395656234288,4.799164960198719,120,8.791033842349718,3.8146079176805054,120,8.072086592671472,3.750364515676623,120,0.5370927741130193,0.3859491337920131,120,0.0707061809493601,0.04794983280594042,120,0.4949415452082879,0.019737628848972722,120,2.311152583360672,0.6263604756899634,120,0.665776965022087,0.38048615622437637,120,7.897871204574127,4.576859488846022,120,10.617258095773071,4.804916465584375,120,0.203498828125,0.11545771434260352,120
onnx:artifacts/model_simple.onnx,babble,1.8293953319390615,0.6535954551735715,120,0.8272836109120002,0.1555184283758447,120,0.688856526673251,0.2093193076745994,120,8.989462547681514,7.700487713002825,120,10.115266577914404,5.902601567389659,120,7.536025210926921,5.401825152205696,120,5.444608963624182,3.622358824195701,120,4.545092250304154,3.8926793510426743,120,0.49676247239112853,0.3869020303687261,120,0.04253024816773845,0.05533353835800905,120,0.48970179479189635,0.017302921873226722,120,2.3368499358495076,0.7344224367070018,120,0.5314675480127334,0.36805243722625125,120,,,0,,,0,,,0
onnx:artifacts/model_simple.onnx,engine,2.0613572468360264,0.6714327291139444,120,0.8736384117047875,0.09776118468542755,120,0.7528356253988094,0.155270580571132,120,10.961802517541512,6.01088070624655,120,11.400397955550336,5.321687111531873,120,9.052585654399548,5.177314930032083,120,5.8063371099420005,3.4645069810223132,120,5.382888424195165,3.191857930717641,120,0.6815563589334488,0.4296204202007167,120,0.05760698142537098,0.04298394181694992,120,0.49477914333341083,0.023792498939639632,120,2.635575666030248,0.7259406847226666,120,0.7176862686872483,0.375134258173154,120,,,0,,,0,,,0
onnx:artifacts/model_simple.onnx,gunshot,1.9027258108059566,0.58989459601392,120,0.8540173240082384,0.11122424466528476,120,0.72710025962417,0.17170249092967566,120,9.752779481592624,5.827883193916351,120,10.431141170902007,4.949472894550099,120,8.517714429057856,5.072385971953361,120,7.5981529464879,3.958613350290786,120,6.975797990658776,3.8915803073933213,120,0.6053131928046545,0.36846527703950616,120,0.07192601772159053,0.04418126460055716,120,0.5082815672914269,0.061596099036630145,120,2.443028642733892,0.6394992517728035,120,0.6760298043489457,0.354571003165938,120,7.163757134403157,5.0541314596943945,120,8.897607708670005,5.615572971255406,120,0.18746588541666667,0.11007904827898801,120
onnx:artifacts/model_simple.onnx,rotor,1.9916220754384995,0.6039425356388682,120,0.8748550219227653,0.10586315743418258,120,0.7550646600406593,0.15562841734933197,120,10.818597735079344,5.2244088936214785,120,11.220974657633507,4.625025355144287,120,8.626041296286434,4.601125926674442,120,5.108943730620481,3.6004392508939693,120,4.741414163539599,3.5634740927377435,120,0.6377592444419861,0.3740103389635844,120,0.051853224935106426,0.042206292694665755,120,0.4925054370834308,0.021995240916682087,120,2.5910406947135924,0.6390867378957081,120,0.6951718101898829,0.3016335132299351,120,,,0,,,0,,,0
onnx:artifacts/model_simple.onnx,siren,2.077612961332003,0.5972006879121179,120,0.8915706715262094,0.08198393875710468,120,0.7768695882385536,0.13569776459626048,120,11.87915649673058,5.278653334224381,120,12.20814728918815,4.693470645836303,120,9.521496271398098,4.4062931308474385,120,5.512590742373288,3.4728678299551303,120,5.2458612655382275,3.3113424503636653,120,0.7135262717803319,0.39392498350034216,120,0.054633449943652615,0.039468782421824035,120,0.5157168579170199,0.03876672668606857,120,2.653887019554774,0.606288650856882,120,0.7659249345461527,0.3504088927785993,120,,,0,,,0,,,0
onnx:artifacts/model_wide32_simple.onnx,artillery,1.8069482972224553,0.5532168234329911,120,0.8491326983578026,0.11075866867514872,120,0.7188392257509137,0.1668137331886579,120,9.142239416319027,6.110830444492496,120,9.866125053397257,5.3390747679297235,120,8.334655428585792,5.283566670677093,120,9.32300915840411,3.5865676630248484,120,8.655618564925701,3.567688999822477,120,0.6191740999619166,0.43535045597885524,120,0.0841153657670358,0.05361586252582773,120,0.6937733375008974,0.029238970911093766,120,2.4067363927761716,0.6644880739889903,120,0.7613607744375864,0.4269109626122505,120,8.44407784832264,4.565076247599269,120,10.927308737151911,4.750175959114496,120,0.203498828125,0.11545771434260352,120
onnx:artifacts/model_wide32_simple.onnx,babble,1.9450129210948943,0.7066989983637125,120,0.8453928046657944,0.1409131526844726,120,0.716467881193514,0.19599872872068963,120,9.627990491122459,8.070230483089603,120,10.684539414400167,6.013552512962717,120,8.19754912599623,5.749402342818449,120,6.013881800109944,3.494036152189774,120,5.183620193745098,4.0508406506422325,120,0.6123800615469615,0.4419345253787971,120,0.060639441921532575,0.049819252500177595,120,0.6847968510418772,0.023860668356463492,120,2.4556661009788514,0.7733223951352144,120,0.6502837131420771,0.4054751270997587,120,,,0,,,0,,,0
onnx:artifacts/model_wide32_simple.onnx,engine,2.205632347861926,0.7444443442966262,120,0.8865809863913887,0.09019892574895094,120,0.7749435807677827,0.14410587058325117,120,11.813363730240006,6.103530104875648,120,12.217625303301064,5.485396085736666,120,9.667389858640753,5.584110240122501,120,6.623564457692728,3.4091714534918376,120,6.23444963689366,3.155072412612977,120,0.825831459959348,0.500846373483932,120,0.07054955611197214,0.04708073955863865,120,0.7152130733342347,0.029466156531858807,120,2.7765522499879203,0.7489526080843488,120,0.8586628526449204,0.40259685164682857,120,,,0,,,0,,,0
onnx:artifacts/model_wide32_simple.onnx,gunshot,2.051514041423798,0.6505701217766815,120,0.8661901023898406,0.10527403025051006,120,0.7492537083329368,0.16355595312989787,120,10.642991017570573,6.338312590369381,120,11.192545647025865,5.6636907314954845,120,9.30070248443017,5.979851412094352,120,8.359557422611758,3.758980075592896,120,7.8660095266367245,3.7317807601782915,120,0.7541014234224955,0.43900302300749355,120,0.08409879610319278,0.046963891096041384,120,0.7118681756253257,0.06782174427687093,120,2.5982391854127247,0.6815774622564172,120,0.8312403470277786,0.40816470945579875,120,8.122606719030157,5.515946432104458,120,9.663128675940584,5.378962579059751,120,0.18746588541666667,0.11007904827898801,120
onnx:artifacts/model_wide32_simple.onnx,rotor,2.1388901551564534,0.6535771856511663,120,0.8876252166948195,0.0988022719647959,120,0.7758289936086593,0.14871715200742433,120,11.609629086012667,5.566832956765016,120,12.015289427450389,4.9280961026736705,120,9.307283131682329,4.891530903333653,120,5.903258500437363,3.321944196996818,120,5.532445514472924,3.4045723164045842,120,0.78502732415994,0.4415684887673473,120,0.06462341970716072,0.0473374548862312,120,0.7024382860421611,0.03477169158983896,120,2.72344790995121,0.6514415520070888,120,0.8275790254275004,0.3488690987868942,120,,,0,,,0,,,0
onnx:artifacts/model_wide32_simple.onnx,siren,2.1925588925679524,0.6217313885634506,120,0.9023465743755671,0.07730825826620175,120,0.7981222181697519,0.12845241030536525,120,12.307990365341507,5.7607999342534955,120,12.6315299647222,5.231456021187661,120,9.959260365925974,4.942695343269083,120,5.93597341790734,3.463245523280934,120,5.6746951341491565,3.464118273417772,120,0.8284722030162811,0.41099814777912186,120,0.06540935279301024,0.046243085925375585,120,0.7078511106252942,0.03433875470026308,120,2.7891041030486425,0.60171299181883,120,0.9011420180400213,0.353491183656092,120,,,0,,,0,,,0
unprocessed,artillery,1.1877741972605387,0.23010598744522584,120,0.7650173325907667,0.1384450155132591,120,0.5864684859528452,0.18746173145971476,120,0.48662085139332434,6.416626347338877,120,0.5431158949931465,6.346805515162831,120,1.6291652193055761,6.04572881229038,120,0.0,0.0,120,0.0,0.0,120,0.0,0.0,120,0.0,0.0,120,8.099998012767173e-07,2.1280912151105696e-07,120,1.6453756183385848,0.44840365073741534,120,0.0,0.0,120,0.0,0.0,120,0.0,0.0,120,0.203498828125,0.11545771434260352,120
unprocessed,babble,1.3326328595479329,0.4052404688017471,120,0.7847533627442617,0.14807260959318078,120,0.5932199855892949,0.21326068325612144,120,4.44437029737736,7.571645434276213,120,4.670657614290221,7.119616602628926,120,2.6163752236473963,7.160546803964701,120,0.0,0.0,120,0.0,0.0,120,0.0,0.0,120,0.0,0.0,120,8.831249336556842e-07,3.557773252418208e-07,120,1.8053823878367743,0.5379788340952517,120,0.0,0.0,120,,,0,,,0,,,0
unprocessed,engine,1.3798008879025778,0.4279987762908319,120,0.8160314302794165,0.12260905309680513,120,0.6382680434425222,0.18863864873772976,120,5.578914093346346,7.055734859165445,120,5.594060845608335,7.071411163004904,120,3.5405676990415356,7.65266800375146,120,0.0,0.0,120,0.0,0.0,120,0.0,0.0,120,0.0,0.0,120,8.379163167167765e-07,3.0403398101425095e-07,120,1.9178893973429998,0.595795252636871,120,0.0,0.0,120,,,0,,,0,,,0
unprocessed,gunshot,1.2974126180013021,0.35323538337580196,120,0.7820913062866478,0.13634146097892416,120,0.6219982849461181,0.18343518384706448,120,2.776981490933847,6.949245882796689,120,2.8329882244141067,6.886781524456117,120,3.094606447060985,7.139892317572085,120,0.0,0.0,120,0.0,0.0,120,0.0,0.0,120,0.0,0.0,120,9.01666862773709e-07,7.830107507355575e-07,120,1.7669988383849462,0.520102645725389,120,0.0,0.0,120,0.0,0.0,120,0.0,0.0,120,0.18746588541666667,0.11007904827898801,120
unprocessed,rotor,1.3538628309965133,0.39449365929503744,120,0.8230017969876589,0.12912794128161828,120,0.6486312458789001,0.17884069140807443,120,6.077183571539745,6.249013608579405,120,6.112030927013025,6.155619424947089,120,3.7328780625253035,6.3699879715929475,120,0.0,0.0,120,0.0,0.0,120,0.0,0.0,120,0.0,0.0,120,9.356250302516855e-07,3.790283130804623e-07,120,1.8958688845237097,0.5249209873059792,120,0.0,0.0,120,,,0,,,0,,,0
unprocessed,siren,1.3640866895516714,0.354950741176608,120,0.8369372215825568,0.11212008501775038,120,0.6667371741276428,0.1640477364567324,120,6.633295231192351,6.517991254008719,120,6.69555654681486,6.383953350616393,120,4.36697295523571,6.416704534841403,120,0.0,0.0,120,0.0,0.0,120,0.0,0.0,120,0.0,0.0,120,8.447916722313191e-07,2.9732535357799983e-07,120,1.8879620850086212,0.5155214985970973,120,0.0,0.0,120,,,0,,,0,,,0
wiener,artillery,1.2049932479858398,0.24971584769133318,120,0.7636153528314864,0.14012455587405964,120,0.5909270340061278,0.18889200292110322,120,0.8031336284175279,6.673518180368881,120,1.0733490610858019,6.500729470560719,120,2.6961675203639843,6.257859781904563,120,0.5302331660926551,0.9237677669348864,120,0.3165127770242034,0.8869713769457683,120,0.017219050725301097,0.05698094598290105,120,-0.0014019797592803192,0.00603511677103622,120,0.009369531042345088,0.004353591004505091,120,1.6854286124308904,0.4801726789436723,120,0.04005299409230549,0.08885254517514357,120,0.16037030307377295,0.8008285137006037,120,0.3755188923248067,0.8200857999877533,120,0.203498828125,0.11545771434260352,120
wiener,babble,1.3736895124117534,0.46684976915748494,120,0.7829155401612855,0.15042572627743173,120,0.598239372860226,0.21250098143351726,120,5.162849925128021,7.843971707867283,120,5.606273338568886,7.27352721842436,120,3.4438494494200906,6.99754694598995,120,0.9356157242786651,1.523505591109912,120,0.7184796277506612,1.505761556649976,120,0.04105665286382037,0.14239127686355818,120,-0.0018378225829762092,0.006926409589649451,120,0.017949705208229663,0.007380392314642801,120,1.8487206449111302,0.5961144230968912,120,0.04333825707435606,0.14543374070979387,120,,,0,,,0,,,0
wiener,engine,1.4216467022895813,0.46697895523480853,120,0.8186696548481517,0.12160543506878715,120,0.6485521020353434,0.18343977678063342,120,6.664272265405505,6.925943583078808,120,6.883948882201974,6.6997622729031265,120,4.688497400428431,6.8423061496415905,120,1.2898880365936387,1.889263620502931,120,1.0853581720591594,1.6509916869341486,120,0.041845814387003556,0.1654589285840629,120,0.0026382245687350814,0.010018695139658152,120,0.010230679791250873,0.008185963071311177,120,2.0001940141121546,0.631486981488306,120,0.08230461676915483,0.16863120579653473,120,,,0,,,0,,,0
wiener,gunshot,1.3160661647717158,0.37591959940018504,120,0.7808440597222829,0.13772388478091843,120,0.6260903817051594,0.18276197689177082,120,3.2555178324430813,7.042745600551328,120,3.4909974395843872,6.887542406779939,120,3.8195885545762,6.707709999167324,120,0.6580092151702804,1.52041388836196,120,0.4785363415092341,1.4784123610244486,120,0.018653546770413705,0.06588671120737605,120,-0.0012472465643649092,0.0056620139862414536,120,0.006954107916620416,0.0012831541734020725,120,1.790215677022934,0.528092439253069,120,0.02321683863798776,0.08550952442428975,120,0.18858989300092818,1.0543211872411766,120,0.479056070888549,0.8211905931077738,120,0.18746588541666667,0.11007904827898801,120
wiener,rotor,1.4043209413687388,0.41274190188867693,120,0.8237268308354897,0.12822346850805214,120,0.6574300490542515,0.17693839843994313,120,6.819742262379548,6.329293080893606,120,7.01458088172484,6.139462693912595,120,4.576116504868967,5.993077524519188,120,0.9025499547118153,1.0723580033647653,120,0.7425586908398035,1.0170571135592408,120,0.05045811037222541,0.10658649689372958,120,0.0007250338478309293,0.006022069922322542,120,0.008780401458049359,0.002668697570898465,120,1.9754272510608037,0.5621273847448083,120,0.07955836653709408,0.10612733155561559,120,,,0,,,0,,,0
wiener,siren,1.4078579823176065,0.3753939186685232,120,0.8369973190267234,0.11152207203011012,120,0.6717755268556422,0.1618695301406696,120,7.217266562120525,6.4889897692110985,120,7.426805073887187,6.254675946732249,120,5.063999061643748,6.049844178730495,120,0.7312485270723276,0.9812797847427079,120,0.5839713309281728,0.9070065751056294,120,0.04377129276593524,0.1203766711160686,120,6.0097444166564115e-05,0.00865645263062108,120,0.015694001874968867,0.006400324768611037,120,1.936967678864797,0.5336804095895636,120,0.04900559385617573,0.10127762295728056,120,,,0,,,0,,,0
