epoch,train_loss,mag,ri,sisnr,transient,val_loss,val_pesq,val_stoi,lr,secs
0,16.18462305355072,0.05438676884323358,0.38283415249586106,0.8925246651512571,0.0,8.260968151092529,1.4289479553699493,0.7498910797631873,0.00020875,344.9
1,6.616216960811615,0.033325613994151355,0.16130849276185036,-0.5558308166742325,0.0,5.73809965133667,1.5428392181793849,0.7920798824649137,0.00041725000000000003,336.5
2,5.44665888710022,0.02699260113313794,0.14240735747218133,-0.7150439312368632,0.0,5.464762964248657,1.6364497234423956,0.7870244646025534,0.00062575,344.5
3,5.0067666369438175,0.02433147667646408,0.13675160766243935,-0.7989849777698517,0.0,5.064633560180664,1.6797123968601226,0.8105836191507312,0.00083425,430.6
4,4.7782080626487735,0.022963377718627453,0.13390102700591086,-0.8462591966509819,0.0,5.009819803237915,1.6698026090860367,0.8157053927046308,0.0009999962474180918,362.4
5,4.631037944126129,0.022198144314438104,0.13194105893075467,-0.8810639310240745,0.0,4.818101081848145,1.7392111678918203,0.8088504507928403,0.000999869117572897,345.9
6,4.452413460254669,0.021126831579208374,0.12977548075318338,-0.9197291825294495,0.0,4.579263582229614,1.795173704624176,0.8223223859546069,0.000999561408380404,358.1
7,4.360701509284973,0.020644309103488922,0.12848991410136223,-0.939097544336319,0.0,4.519426155090332,1.8232863654692968,0.8270412013419414,0.000999073231112863,380.9
8,4.24629114613533,0.020084011225029827,0.12666507173478603,-0.9595417969107628,0.0,4.471376662254333,1.8135345727205276,0.8276849469830644,0.0009984047623024805,368.6
9,4.225646702384949,0.019935728304460644,0.1269457131356001,-0.9782256848216057,0.0,4.432288937568664,1.8187454283237456,0.8363121062448037,0.0009975562436775837,327.9
10,4.094697286891937,0.01928546246625483,0.12459514071941376,-0.9931393011569977,0.0,4.381698875427246,1.8843277225891748,0.8368528137020735,0.000996527982075208,341.1
11,4.133343308734894,0.019343703361973167,0.12568623313605784,-0.9913029090166092,0.0,4.383032202720642,1.8870896726846695,0.8329697764991467,0.000995320349330139,320.7
12,4.098313320922852,0.01923324078395963,0.12507705353498458,-1.0003251382827758,0.0,4.389957919120788,1.880522511402766,0.8389997723939165,0.0009939337821404531,321.7
13,4.051603426551819,0.0189265636511147,0.12479808101952077,-1.0171984457015992,0.0,4.36211163520813,1.8736563722292583,0.8304677827126251,0.0009923687819095998,322.6
14,4.036545442581176,0.018876881226152182,0.1244673065751791,-1.018855432367325,0.0,4.263846960067749,1.904191529750824,0.8369576474557434,0.0009906259145650866,327.4
15,4.0408674215316776,0.018852705854177476,0.1247291199862957,-1.0206955807209015,0.0,4.318837008476257,1.8735787789026896,0.8353013454085366,0.0009887058103538323,326.4
16,3.9886133402347563,0.018596648701280357,0.12389751597642898,-1.0300775376796723,0.0,4.212765879631043,1.930014036099116,0.8439444256444264,0.000986609163614259,339.7
17,4.011418134784699,0.018660589208826423,0.12465819354355336,-1.034568906569481,0.0,4.185694842338562,1.9560189227263132,0.8417002680474287,0.0009843367325252093,345.3
18,3.968296171092987,0.01845886786580086,0.12392498055994511,-1.0415739915132523,0.0,4.194460577964783,1.9378672420978547,0.8408190490433706,0.0009818893388317785,328.1
19,3.968616617870331,0.018457995132729412,0.12418616705834866,-1.0490280487537385,0.0,4.147184038162232,1.9407267769177754,0.8412420446988065,0.0009792678675481575,319.5
20,3.9100957102298737,0.018151634872704745,0.12317319505810738,-1.0557145758628845,0.0,4.188611459732056,1.9010166625181835,0.8430568559786227,0.0009764732666376,320.3
21,3.8856861535549165,0.018048676876723766,0.12244470101594924,-1.0510622508049012,0.0,4.147717227935791,1.943304451306661,0.8452580219833477,0.0009735065466696236,321.9
22,3.8775129486083983,0.018017062777653338,0.12253810948133469,-1.059824724984169,0.0,4.163877782821655,1.9639430473248163,0.8442178790030322,0.0009703687804545738,319.4
23,3.8734572068214415,0.01796348452195525,0.122704735404253,-1.0651287626981736,0.0,4.119289898872376,1.9576090544462204,0.8458276213410417,0.0009670611026556786,323.5
24,3.846922486114502,0.01776721458658576,0.12258136963248253,-1.07422360329628,0.0,4.087331714630127,1.978514411052068,0.8464683541283446,0.0009635847093787388,323.7
25,3.9003847043037414,0.01802530013434589,0.12353527304530144,-1.0674444760799409,0.0,4.1544777154922485,1.9702789316574731,0.848618188130779,0.0009599408577395962,321.4
26,3.869873119831085,0.017869479239732027,0.12292242224812508,-1.0686630864858628,0.0,4.079188361167907,1.986349382996559,0.8460805723716762,0.0009561308654095437,329.8
27,3.8157169643878937,0.017670289954915642,0.122051283416152,-1.082741822052002,0.0,4.109616765975952,1.9813159475723903,0.8447812333519935,0.0009521561101388348,328.1
28,3.834901931095123,0.017668613600358367,0.12240983488559723,-1.0741960595607758,0.0,4.085481576919555,1.9782991965611776,0.8490114181156766,0.0009480180292584675,359.3
29,3.813344146633148,0.017695716645941138,0.12176209359765053,-1.0782188091993332,0.0,4.058266105651856,1.9915684849023818,0.8498449963784693,0.0009437181191604262,321.3
30,3.8106079566001894,0.017547069965675472,0.12227303383946418,-1.0858779350996017,0.0,4.097060256004333,1.9811620195706685,0.8497673291686323,0.0009392579347565612,335.5
31,3.810649965429306,0.017608028361573814,0.12207917099893092,-1.0842871428012848,0.0,4.060227971076966,1.9948981255292892,0.8491814527680596,0.0009346390889163119,361.8
32,3.7566571078300477,0.017294397259503602,0.1212852598041296,-1.092508481812477,0.0,4.105906171798706,1.9692657341559727,0.8533061026514791,0.0009298632518834674,350.2
33,3.786215252828598,0.017418941404670478,0.12165883479118347,-1.0828756789207459,0.0,4.032680172920227,2.003044800957044,0.8455319990017862,0.0009249321506721817,329.5
34,3.769047653722763,0.01735516267940402,0.12159862285852432,-1.0937724085092544,0.0,4.01445318698883,1.9900952607393265,0.8473277857140241,0.0009198475684424598,346.3
35,3.7794362783432005,0.017354936016723513,0.12183502618670464,-1.0904600348949431,0.0,4.068220987319946,2.0112869054079057,0.8543124482310428,0.0009146113438553403,410.4
36,3.7756287595748903,0.017339571922644972,0.12173878954648971,-1.0903049565792085,0.0,4.05177574634552,2.0130493601163226,0.852290969510591,0.0009092253704080079,358.0
37,3.7641950275421143,0.017299132629856467,0.12163844451010228,-1.0958975798368453,0.0,4.056792788505554,2.022920760512352,0.8537530786131664,0.0009036915957490765,334.0
38,3.7799045691490174,0.017351031040400266,0.12201635620892048,-1.0951582811236382,0.0,3.9803748321533203,2.038955595095952,0.8535755370896733,0.0008980120209742903,328.9
39,3.751179886007309,0.017188659404590727,0.1213863824814558,-1.0936177372694016,0.0,4.037271852493286,2.004912239313126,0.8537150713978543,0.0008921886999028979,356.1
40,3.796583373785019,0.017344848795607687,0.12242979142069817,-1.0904497724056244,0.0,4.03329936504364,2.0283068945010503,0.8509885555237235,0.0008862237383349602,351.3
41,3.7338556820869444,0.017115831661969422,0.12113017472028732,-1.0981577573537826,0.0,3.947600884437561,2.052548877398173,0.851873992573138,0.0008801192932898618,320.2
42,3.6931426575660704,0.016944053329527378,0.12057788340449334,-1.1102775643348695,0.0,4.004226460456848,2.0160123844941458,0.8545638895568396,0.0008738775722262996,330.9
43,3.727324589061737,0.017112193021923305,0.12103916036486626,-1.1017037219285966,0.0,3.963583493232727,2.049900072813034,0.8541056438547343,0.0008675008322440345,319.0
44,3.753345331954956,0.017111246805638074,0.12196409358978272,-1.1033647442579269,0.0,3.9907861661911013,2.016657981276512,0.856196961928202,0.0008609913792676892,320.5
45,3.6989654490470887,0.017005181189253926,0.12059881059229374,-1.1093615430116655,0.0,3.9859796810150145,2.040467157959938,0.8546963299759344,0.0008543515672128906,326.6
46,3.7098136990070345,0.016993142503499984,0.12101831475794315,-1.1102557033777236,0.0,4.109362840652466,1.9999491939942042,0.8559714139344483,0.0008475837971350607,347.8
47,3.661295123767853,0.016800087548419832,0.11993605306148529,-1.112792584490776,0.0,4.0112036609649655,1.99493860801061,0.8548286166129709,0.0008406905163611568,327.4
48,3.708021603775024,0.016938376957178116,0.12093723734617233,-1.1057818998813629,0.0,3.946096782684326,2.0442376454671223,0.8561254626140248,0.0008336742176046831,338.3
49,3.6908842673301696,0.0169470041282475,0.12064140571951866,-1.1146481917381286,0.0,3.9535082578659058,2.0283022612333297,0.85102881319348,0.0008265374380642878,344.5
50,3.6688011960029603,0.016785873034223915,0.12025554976463318,-1.113876396036148,0.0,4.050346488952637,2.0047255933284758,0.8572966661951287,0.0008192827585062728,366.6
51,3.6597413194179533,0.016767728872224687,0.12030162165164948,-1.1230483494758605,0.0,3.9321506023406982,2.071281204620997,0.8575875593958834,0.0008119128023313526,349.2
52,3.6408945990085604,0.016690611511468886,0.11987889111340046,-1.123814918756485,0.0,3.950437669754028,2.059547532598178,0.8556014817816323,0.0008044302346259906,328.5
53,3.7094848051548004,0.016906938719004394,0.12132196233868599,-1.1136597748994828,0.0,4.003881864547729,2.0415165474017463,0.8566368299958214,0.0007968377611986656,332.8
54,3.65450890917778,0.016683734523504974,0.12010972729027271,-1.1166443318843842,0.0,4.01571210861206,2.038023030757904,0.8589485074871906,0.0007891381276014104,320.0
55,3.668373561000824,0.016756423606351017,0.12057844781577587,-1.1219295134544374,0.0,4.041212430000305,1.9937740365664165,0.8570251573698902,0.0007813341181369792,321.3
56,3.631283275413513,0.01656340613178909,0.11974579531848431,-1.1205290040493012,0.0,3.921309537887573,2.0345271786053973,0.8587281575932951,0.0007734285548520022,345.4
57,3.6663852395057677,0.01669168495759368,0.1206752942353487,-1.1222915305376053,0.0,3.9984086656570437,2.0428203980127972,0.8607774768633243,0.0007654242965164908,336.9
58,3.6662555482387544,0.01666999259330332,0.12070365967154503,-1.1217537162780762,0.0,3.891788763999939,2.0637481212615967,0.8572938689458491,0.0007573242375900642,339.7
59,3.6669061630249025,0.01675503430068493,0.1207199437648058,-1.1275445526599883,0.0,4.015314254760742,2.064515178402265,0.8567058886605798,0.0007491313071752689,344.4
60,3.6577722594738007,0.0166404921207577,0.12062841815054416,-1.125914724636078,0.0,3.882614974975586,2.075396680831909,0.8563891588114957,0.0007408484679583721,353.8
61,3.658493646335602,0.016653443445637822,0.12034496880471707,-1.1175964584827422,0.0,3.894953761100769,2.056590887904167,0.8558746109407579,0.0007324787151380091,323.5
62,3.6262771544456482,0.016603260315582156,0.11979966040849686,-1.1299408599853515,0.0,3.9819198656082153,2.046982272466024,0.8597539537068077,0.0007240250753420751,319.6
63,3.659127126646042,0.01663196013048291,0.12053300437033176,-1.1211002100467682,0.0,3.915061421394348,2.0587407728036244,0.8600519501477778,0.0007154906055332518,329.5
64,3.6407875923633575,0.016567032719776033,0.120301198720932,-1.1279406561851502,0.0,3.928958945274353,2.0731984029213586,0.8595946322276636,0.000706878391903563,320.6
65,3.6939594583511353,0.01678419551998377,0.1211733179628849,-1.11613374042511,0.0,3.87473237991333,2.069307032227516,0.859342121090548,0.0006981915487583617,325.3
66,3.655969989871979,0.016548186377435922,0.12093984787464142,-1.1305984818696975,0.0,3.912307505607605,2.0816960453987123,0.8595216242739772,0.000689433217390151,342.5
67,3.6989195737361906,0.016733744975551964,0.12160188608169556,-1.1204991445064545,0.0,3.964692168235779,2.065348329146703,0.858976440885539,0.000680606564942645,336.5
68,3.6144295125484467,0.016441703914105894,0.11984963943064213,-1.1319789337873458,0.0,4.018651666641236,2.0345120122035345,0.8591183416770108,0.0006717147832654833,340.4
69,3.621780309391022,0.01649610681794584,0.11993118982613087,-1.1308828467369079,0.0,3.933773717880249,2.06066938440005,0.8615043442388276,0.0006627610877600093,339.0
70,3.653370488548279,0.016542014007270338,0.12092482334673404,-1.1323151882648468,0.0,3.963775191307068,2.0587461719910305,0.8602770495303803,0.0006537487162165337,355.2
71,3.655470040512085,0.01656186725832522,0.12079216855168343,-1.1276257161855698,0.0,3.8520604276657107,2.0906538397073744,0.8578356788420857,0.0006446809276435007,324.6
72,3.6408049612522126,0.016549219100549815,0.120582831504941,-1.1351253184080123,0.0,3.9020831298828127,2.0700451423724493,0.8611494657890515,0.0006355610010889816,323.9
73,3.609610279750824,0.01645136935301125,0.11970999552309514,-1.1332854272842408,0.0,3.921979465484619,2.0810350835323335,0.8617804065204578,0.0006263922344549227,320.0
74,3.6085743240356445,0.016368526370450855,0.11993152041733265,-1.1351681314706803,0.0,3.9493427658081055,2.0720811506112415,0.8608260659567626,0.0006171779433045737,324.6
75,3.6002868999958038,0.016358650464564563,0.11966540547609329,-1.1347807866811752,0.0,3.8841408681869507,2.090140461921692,0.8615468339586155,0.0006079214596635305,336.0
76,3.6371093692302705,0.016450096490606667,0.12048596804440022,-1.1289764073610307,0.0,3.906447048187256,2.069795101881027,0.8600597402958652,0.0005986261308148262,343.5
77,3.603761798238754,0.016339994076639414,0.11980804496109486,-1.1342791299819945,0.0,3.8925820350646974,2.097794630130132,0.8586867355658432,0.0005892953180885012,346.7
78,3.5959662588119508,0.01627472636140883,0.11972461661100388,-1.1350030809640885,0.0,3.825118145942688,2.0780195424954098,0.8622395204098404,0.0005799323956460979,348.8
79,3.558891446208954,0.016248856492713095,0.11879492087960243,-1.1423761194467545,0.0,3.8931022834777833,2.0632211059331893,0.8616416775928073,0.0005705407492605124,375.3
80,3.6207147335529326,0.016391347900405525,0.1202736889898777,-1.134890281033516,0.0,3.885211715698242,2.0725780804951985,0.8595672050694091,0.0005611237750916488,351.7
81,3.592740308332443,0.016257698575034736,0.11957071757614612,-1.1324201006412506,0.0,3.908466029167175,2.087950214743614,0.8618331986466998,0.0005516848784583164,330.5
82,3.5661033823013306,0.016239568300545217,0.11916162666380406,-1.145515191268921,0.0,3.9092167377471925,2.085712801416715,0.861206723086175,0.000542227472606816,328.2
83,3.6120449177742002,0.016375159226730465,0.12010039887130261,-1.1372281917333602,0.0,3.878908061981201,2.0676726390918096,0.8577872622729413,0.0005327549774766586,319.7
84,3.580946091127396,0.01627690340206027,0.11948832948803902,-1.1430870148181915,0.0,4.022554297447204,2.0435362736384075,0.8582007995164721,0.0005232708184638643,321.6
85,3.6079052295207976,0.01633107400164008,0.12020771223008633,-1.141501299071312,0.0,3.8980155563354493,2.0827176084121066,0.8622660699901467,0.0005137784251822879,349.4
86,3.6018394196987153,0.016314567963033915,0.12016033101975918,-1.1449902516841888,0.0,3.9404134273529055,2.0615002006292342,0.8620606671796052,0.0005042812302234188,343.3
87,3.5493899272441864,0.016168191437423228,0.11888853033781052,-1.1490393677711488,0.0,3.8511572647094727,2.0872808108727137,0.8598824882510349,0.0004947826679151046,334.5
88,3.605870565366745,0.01623289078809321,0.12024070633947849,-1.137652975654602,0.0,3.875856862068176,2.080424412091573,0.8626867944791068,0.0004852861730796473,340.4
89,3.6595095979213714,0.01655007654391229,0.12109439998269081,-1.1318277411222457,0.0,3.849808874130249,2.0921044250329337,0.8595813584636477,0.00047579517979171975,362.3
90,3.537295955848694,0.01610929884836078,0.11857969289720058,-1.1477457307338714,0.0,3.9313181257247924,2.058316237727801,0.8589625767640889,0.0004663131201365527,332.5
91,3.5894603315353395,0.016264599556475877,0.1199853854507208,-1.148623183989525,0.0,3.9037076663970947,2.072097404797872,0.8586842168275782,0.00045684342296884166,337.0
92,3.55794359459877,0.016072353445738555,0.1191931385397911,-1.1429152982234956,0.0,3.8702980613708498,2.086307179927826,0.8614860526128809,0.00044738951267282137,322.1
93,3.59458655500412,0.016280399511009454,0.1197116536051035,-1.136391005396843,0.0,3.9070225524902344,2.095644023021062,0.8605634636478077,0.00043795480792395815,321.6
94,3.61025667757988,0.016325876857340337,0.12010164407789707,-1.1356040117144586,0.0,4.091931715011596,2.002040629585584,0.8537849678210884,0.00042854272045270435,337.0
95,3.5726067559719086,0.016142117484658956,0.11951995705068111,-1.1429401680469513,0.0,4.013645925521851,2.050962981581688,0.8578405589066885,0.0004191566538107662,351.9
96,3.5349292709350584,0.016090770231187344,0.11852423507273196,-1.147151684308052,0.0,3.838915433883667,2.0667292137940723,0.8588847107115513,0.0004098000021403293,338.2
97,3.579285991048813,0.016182500227540732,0.1196591605424881,-1.1432638328790665,0.0,3.8714044523239135,2.074462369084358,0.8585468861164354,0.0004004761489466845,340.8
98,3.53467925992012,0.016001901610940696,0.11883934151232242,-1.1506340859651565,0.0,3.802322993278503,2.115497883160909,0.8631769561027267,0.00039118846587470274,344.5
99,3.56004832906723,0.016052820248901842,0.11930183538496494,-1.1427041402816773,0.0,3.9026457262039185,2.09796213110288,0.861989938589002,0.0003819403114895979,359.3
100,3.562344012975693,0.01612422712370753,0.1192467953234911,-1.143755727815628,0.0,3.8702028799057007,2.089271261294683,0.8605349446158043,0.0003727350300624186,324.7
101,3.5397432829380033,0.016006420696526767,0.11903318118155003,-1.1517015870571137,0.0,3.8611601209640503,2.070462233821551,0.8595413837879297,0.0003635759503607103,321.7
102,3.5604747027397154,0.01608946460261941,0.11938729069530964,-1.1474065269708633,0.0,3.8428771114349365,2.097828820347786,0.8624963160998216,0.0003544663844447835,319.8
103,3.5473428151607513,0.016057473916932942,0.11924562604129314,-1.1540491266727448,0.0,3.829264359474182,2.095914031068484,0.8616830717142481,0.0003454096264700218,323.4
104,3.5557232440948487,0.016060232865810393,0.11930565651059151,-1.1476627436637878,0.0,3.801255660057068,2.0967880547046662,0.8627657053832695,0.00033640895149566737,334.3
105,3.573165855264664,0.016145205640420317,0.11961731781065464,-1.145518066740036,0.0,3.8596589040756224,2.0841201156377793,0.8607192252673066,0.00032746761430051,356.1
106,3.5736258199691773,0.016170350253582,0.11961962314546108,-1.1468873903989791,0.0,3.8538179540634157,2.101148150364558,0.8632833054126554,0.0003185888482059103,337.5
107,3.5643618014335634,0.016102992424741388,0.11957044912725687,-1.1499611310243607,0.0,3.8492668056488037,2.1177155435085298,0.8614817203557176,0.0003097758639065822,339.5
108,3.5297694420814514,0.015927493194118143,0.11887695537507534,-1.1514637301683426,0.0,3.9608943128585814,2.0720414370298386,0.8610019096538636,0.0003010318483095582,344.4
109,3.5177325859069826,0.015970279562845826,0.11854342966377736,-1.1564898637771606,0.0,3.8749242496490477,2.07007204691569,0.8616246889335325,0.0002923599633817555,340.3
110,3.5744807589530945,0.01615371346771717,0.11994901934862137,-1.1547497442245482,0.0,3.9681613874435424,2.0776037991046907,0.8623907096113801,0.00028376334500656176,326.4
111,3.5230155764579774,0.01597197602279484,0.1185644896298647,-1.1519574216127395,0.0,3.8085627651214597,2.102462710936864,0.8634286257820515,0.0002752451018498527,328.5
112,3.5602678617954253,0.016030893471464514,0.11957914707660675,-1.1492690794229508,0.0,3.8819446039199828,2.0846177021662395,0.8630505938767429,0.00026680831423585185,319.1
113,3.555744816637039,0.01601069706492126,0.11935931473374367,-1.1457834135532379,0.0,3.850659646987915,2.1010016918182375,0.8626732531693785,0.0002584560330332392,319.1
114,3.530639560556412,0.01599885558150709,0.1187585961729288,-1.1520381974220275,0.0,3.90369430065155,2.0764914552370706,0.8596573088526192,0.00025019127855191193,344.5
115,3.516864945459366,0.0159347919896245,0.1187651258945465,-1.1615242659926415,0.0,3.824304656982422,2.113764241337776,0.8613392762903556,0.00024201703945079427,349.2
116,3.5507047366142275,0.016007891089841724,0.11940629870891571,-1.1520365930318832,0.0,3.8807233572006226,2.090005754431089,0.8607071019606721,0.00023393627165709433,348.5
117,3.5627934103012087,0.016071091740205885,0.1194851501494646,-1.1467375108242035,0.0,3.955162558555603,2.064424612124761,0.8592657486342229,0.00022595189729739668,339.2
118,3.562414820957184,0.016023485434800387,0.1196858748614788,-1.1498053943395614,0.0,3.9129178142547607,2.072130670150121,0.8614954451275981,0.00021806680364097703,381.9
119,3.5586385760307313,0.016028418060019613,0.11952388054430485,-1.1490670979022979,0.0,3.808820867538452,2.110514211654663,0.8632085259955571,0.00021028384205572275,345.3
120,3.5390711225509643,0.01601001194640994,0.1191093740195036,-1.1549109149694443,0.0,3.8364876461029054,2.105176449815432,0.8635033312522483,0.00020260582697703588,358.8
121,3.508069357585907,0.015835245391353964,0.11868864884972573,-1.1610572689056395,0.0,3.828502306938171,2.1089767515659332,0.8620075335555075,0.00019503553489009072,335.5
122,3.464275655412674,0.01566467024348676,0.1175806724101305,-1.1596714158535004,0.0,3.846827630996704,2.088434002796809,0.8598202888582211,0.00018757570332581511,326.3
123,3.5118581319332125,0.015887503302842377,0.11875295429825783,-1.1628557265281678,0.0,3.789170060157776,2.1116381645202638,0.8622198153136754,0.00018022902987095937,333.5
124,3.5160596205711365,0.01591767227128148,0.1186264479458332,-1.156970865225792,0.0,3.827159295082092,2.101029571890831,0.8612324681204068,0.00017299817119260694,345.2
125,3.5469153518676757,0.015975899464637042,0.11919522568881512,-1.1472543711423875,0.0,3.9052235221862794,2.0686631351709366,0.8613020347227386,0.00016588574207748478,364.1
126,3.4798485405921937,0.015800391678139566,0.11815958780646324,-1.1709665066480637,0.0,3.817472429275513,2.11143595178922,0.8619118084972712,0.00015889431448641765,347.5
127,3.536280514907837,0.015988290033489467,0.11898672845363617,-1.152501639342308,0.0,3.9624376249313356,2.0764137993256253,0.8619374567637401,0.0001520264166242675,335.2
128,3.464142305278778,0.015684583957865834,0.11763442734777928,-1.1628113839387895,0.0,3.960569643974304,2.0695677548646927,0.8607560892277705,0.0001452845320256976,358.7
129,3.513884166622162,0.015835493049398065,0.11881603167951107,-1.159081284403801,0.0,3.997829627990723,2.050079895059268,0.8604034793314858,0.0001386710986570891,332.3
130,3.4917381853103637,0.01578942761570215,0.11823978681564332,-1.1607153380870818,0.0,3.864956564903259,2.092961272597313,0.8631639584083255,0.00013218850803493553,323.9
131,3.5205561765670774,0.015846418481692673,0.11897854923307896,-1.1580495888710023,0.0,3.811481990814209,2.115306669473648,0.8639103389596205,0.00012583910436103504,322.4
132,3.483784105157852,0.015750298976898194,0.11820518288314343,-1.1648922995567321,0.0,3.839802384376526,2.1048568079868955,0.8636510989025242,0.00011962518367479177,319.6
133,3.5048287279605868,0.015795082953199743,0.1185491938173771,-1.157302880191803,0.0,3.8639398193359376,2.0985492020845413,0.8629214895665932,0.00011354899302293381,321.9
134,3.484048010492325,0.015753384832665324,0.11795487896502017,-1.1573352804422379,0.0,3.7870143938064573,2.1185067892074585,0.8632487212875797,0.00010761272964694711,339.0
135,3.488837979745865,0.015745476603880523,0.11821806532442569,-1.1598873419046403,0.0,3.8328489208221437,2.1168530732393265,0.86335882898256,0.00010181854018852018,338.7
136,3.502163611984253,0.015802479661256075,0.11842948004901409,-1.1568943527936935,0.0,3.844286184310913,2.1033411463101706,0.8633205786242937,9.616851991328689e-05,356.7
137,3.5283535664081573,0.015936266497895122,0.11890443544089795,-1.1543181334257127,0.0,3.7982790517807006,2.116244050860405,0.8626652187052021,9.066471195314619e-05,348.9
138,3.4572949590206146,0.015671205273643136,0.11729654911458492,-1.1585858782529832,0.0,3.82223792552948,2.1137725601593655,0.8623670531020796,8.530910656743557e-05,349.9
139,3.5788342896938325,0.016079921574518083,0.12001295746564865,-1.1471489278793334,0.0,3.8587797498703003,2.100107742349307,0.8626859994318753,8.010364042322334e-05,327.3
140,3.5233077713966368,0.015879812975227833,0.11886416144669056,-1.1542039708137513,0.0,3.777968726158142,2.1277646998564403,0.8639209818337402,7.50501958949808e-05,323.0
141,3.501533473300934,0.015762936683371663,0.11842922827899456,-1.1547489236354829,0.0,3.833103885650635,2.092775891224543,0.8627124877136917,7.015060038388747e-05,320.5
142,3.5065014558315277,0.015772312849760054,0.11859951101243496,-1.155545758676529,0.0,3.7976055574417114,2.114392145474752,0.8635134165274837,6.540662565701589e-05,323.7
143,3.4306117723941805,0.015563787003606559,0.11699730732738972,-1.168772523856163,0.0,3.8543243265151976,2.1050123631954194,0.8637718032575764,6.0819987206633255e-05,325.6
144,3.445656768798828,0.015647786763310433,0.1172791440218687,-1.1680626081228256,0.0,3.950767922401428,2.0628026982148486,0.8598292812642438,5.639234362985449e-05,348.0
145,3.52527503490448,0.015908809363469483,0.11905723185539245,-1.1600585613489152,0.0,3.796852960586548,2.1188387274742126,0.8634671306352177,5.212529602886844e-05,326.9
146,3.502888512277603,0.015748468656092883,0.118532928109169,-1.1554921321630478,0.0,3.8670656490325928,2.097780850529671,0.8624545569011026,4.8020387431955215e-05,344.1
147,3.4726807030677795,0.015669367384910583,0.11798659890890122,-1.163772968697548,0.0,3.819106283187866,2.1192620317141215,0.8630501337609093,4.407910223550443e-05,341.4
148,3.4353703440189363,0.015602058609202505,0.11726176768243313,-1.1746267869710922,0.0,3.792037091255188,2.111286227901777,0.8630074051735155,4.030286566723478e-05,365.5
149,3.4977647756576538,0.01578500680103898,0.1185372210085392,-1.163302308869362,0.0,3.900526442527771,2.0836898068586986,0.8617621474209803,3.669304327081083e-05,328.8
150,3.4726089373111724,0.015650426192581654,0.1181459656715393,-1.1672998646259307,0.0,3.806993932723999,2.1147942821184795,0.863975921852355,3.325094041204158e-05,320.4
151,3.4814955276489257,0.015672229351475834,0.11817606528401375,-1.1608424665689467,0.0,3.7665841674804685,2.1247695406277973,0.8635974607007967,2.9977801806841118e-05,320.9
152,3.501153321123123,0.015792314929142594,0.11850378326177598,-1.159422202515602,0.0,3.8692888021469116,2.091053773959478,0.863186413220563,2.6874811071120253e-05,319.7
153,3.4872268284797667,0.01569789176248014,0.11843911555111408,-1.1647990416765213,0.0,3.8142342567443848,2.1172961523135503,0.8637843920052604,2.3943090292773347e-05,344.3
154,3.4976387454986573,0.015773859775438905,0.11841044692695141,-1.1588448277473449,0.0,3.8252979469299317,2.111319159468015,0.8626440551302648,2.118369962591507e-05,332.5
155,3.534978110027313,0.015916672668233513,0.11932515997886657,-1.1589437668800353,0.0,3.859647789001465,2.0986432522535323,0.8621451149131332,1.8597636907512023e-05,328.2
156,3.489776408624649,0.015751014425605534,0.1181844430655241,-1.158327884221077,0.0,3.7863607597351074,2.110795921087265,0.8639211559134404,1.6185837296550512e-05,328.2
157,3.5108532264709473,0.015781713140010832,0.1188692001670599,-1.1599426852226258,0.0,3.9284331226348876,2.072280087073644,0.8617305465707384,1.3949172935868803e-05,362.6
158,3.5436694650650025,0.015922608288750053,0.11944728580713272,-1.1543316884040833,0.0,3.9230914068222047,2.07262130578359,0.8607337563078011,1.1888452636777362e-05,324.4
159,3.45944501914978,0.015660329008474947,0.11758480867445469,-1.1643222645044327,0.0,3.8536549758911134,2.1003371626138687,0.8630583950983101,1.0004421586580466e-05,322.5
160,3.5033325037002565,0.01579715742431581,0.11857073650956154,-1.1595905915737152,0.0,3.8246910858154295,2.1099165946245195,0.8637551275429088,8.297761079105366e-06,320.0
161,3.46428694357872,0.01563615584000945,0.11795504335165023,-1.1688952536821364,0.0,3.847979874610901,2.085113117098808,0.8617101517209103,6.7690882683363885e-06,319.6
162,3.495617422246933,0.015753419993072747,0.11845210924744606,-1.1606852352142334,0.0,3.890548434257507,2.0844486673672993,0.8625836093505251,5.418955945242367e-06,337.3
163,3.5236902230739595,0.015873742078617217,0.11919734567701816,-1.1633920765161514,0.0,3.794367890357971,2.1212205976247787,0.8636183796732418,4.247852337879803e-06,348.0
164,3.4290677944660186,0.015552002385631203,0.11707411169707775,-1.1717957033634185,0.0,3.848760552406311,2.105433404445648,0.8634780356382379,3.256200934841677e-06,337.4
165,3.458719116973877,0.015585197646543383,0.11783618519604207,-1.1673302555561065,0.0,3.8082806491851806,2.118191898862521,0.8636960994805077,2.4443603321181437e-06,333.9
166,3.4713772738456727,0.015708884770050644,0.11778187654912471,-1.1617009451389313,0.0,3.813417115211487,2.1133220970630644,0.8634285190930846,1.8126241034223943e-06,374.4
167,3.5105739711761474,0.015823316552862524,0.11864687973856926,-1.1564645586013793,0.0,3.8894842672348022,2.0887731343507765,0.8624852164167912,1.361220694030309e-06,352.8
168,3.5089810482025148,0.015808006178960204,0.11865410009324551,-1.1572023763418198,0.0,3.794440803527832,2.1239794631799063,0.8640251536149307,1.090313338171301e-06,335.6
169,3.4931881960392,0.015739041747897864,0.11838826035559177,-1.1601925244569777,0.0,3.8570508670806887,2.1040056029955547,0.8634283233445796,1e-06,323.5
