epoch,train_loss,mag,ri,sisnr,transient,val_loss,val_pesq,val_stoi,lr,secs
0,22.359418921661376,0.02115824804008007,0.12516110036969186,-0.9375238347053528,7.224412934875488,22.410934009552,1.741286466519038,0.8181314781176591,0.00025079999999999997,213.4
1,21.750825439453124,0.020163161532580853,0.12341734148859977,-0.9519398693084716,7.035529507255554,22.302042961120605,1.7432199140389761,0.8190204973198202,0.000299863133655661,110.0
2,21.55822964859009,0.019881773161143066,0.12293118684887885,-0.9595183653354645,6.97523532333374,22.25300579071045,1.7476007411877315,0.8201382875855423,0.00029930846401511553,109.5
3,21.453925254058838,0.019756883800029754,0.12262054709792138,-0.9649883630275726,6.94292613697052,22.254461688995363,1.7496758212645849,0.8207795752651061,0.0002983291207908004,112.6
4,21.385855934143066,0.01966405970528722,0.12249868336319923,-0.9669973340511322,6.9205634357452395,22.210933265686034,1.7536828339099884,0.8206049829398531,0.00029692789885866285,114.8
5,21.329860425567627,0.019557566498965024,0.1224397401034832,-0.9698877969026566,6.903010536956787,22.217860603332518,1.7536210944255193,0.8218822129542285,0.00029510879706341585,120.2
6,21.280863703155518,0.01952139182314277,0.12228640335202218,-0.9720988377571106,6.887149224472046,22.200664863586425,1.754098857442538,0.8214680290522539,0.00029287700680652803,110.8
7,21.23956000213623,0.019463480035215617,0.12223465774655343,-0.9738195831537246,6.87355852355957,22.179989280700685,1.7550770660241446,0.8213584959105091,0.0002902388972308629,113.9
8,21.21099778060913,0.019449181696772577,0.12214161964058876,-0.9752979201793671,6.864241749954224,22.17243949890137,1.7537724256515503,0.8213427820881963,0.0002872019970442483,106.0
9,21.189628872680665,0.019432732800394297,0.1220577907204628,-0.9761698740005493,6.857509498023987,22.171520824432374,1.7560620089371999,0.8216279644763186,0.00028377497303384803,106.7
10,21.147712702941895,0.019378722016513347,0.12200719446539879,-0.9775003261089324,6.8433946582794185,22.166856842041014,1.7578301926453908,0.821916223350301,0.0002799676053326525,106.6
11,21.129341020202638,0.019343594621866942,0.1219861240029335,-0.9790397060871124,6.837898147392273,22.127290210723878,1.7580616076787312,0.8216447651689196,0.0002757907595086729,106.6
12,21.101818752288818,0.019301592304557563,0.12194385008215904,-0.9799022646903992,6.828917600250244,22.171016330718995,1.754870699842771,0.8216083082596832,0.0002712563555564919,106.6
13,21.077252211761476,0.019288839934021234,0.12186868107914925,-0.9811168949604034,6.820835970115661,22.135588989257812,1.7640004624923071,0.822140949479025,0.00026637733387966376,106.6
14,21.05405997619629,0.019262235219031573,0.12183317460417747,-0.9821744239330292,6.81315305557251,22.136399345397948,1.7598252455393473,0.8216217449330021,0.0002611676183610435,106.6
15,21.043150747680663,0.019279559644311668,0.12176168980002404,-0.9836738244533538,6.809761887168884,22.118983898162842,1.7690161387125651,0.8229331310090006,0.00025564207662643685,110.5
16,21.034261215209963,0.019208291456103324,0.12190735240578651,-0.9842328143596649,6.806677220344543,22.13913749694824,1.7618056883414586,0.8217038013857774,0.00024981647761497137,107.0
17,21.008499110412597,0.01918479255363345,0.12180716170668603,-0.9850337985038757,6.7985530200958255,22.119423027038575,1.768805052836736,0.8216175730738675,0.00024370744657727485,107.3
18,20.98194319000244,0.0191842839717865,0.12171317741274834,-0.9860976630210877,6.789498271369934,22.103003005981446,1.7653930614391962,0.8213650355466364,0.00023733241762988983,107.1
19,20.960057749938965,0.019163981457799673,0.12164422176480293,-0.9869433462619781,6.782478286933899,22.1128351020813,1.7651933550834655,0.8218506220079864,0.000230709584001324,106.8
20,20.94308762512207,0.019149803392589093,0.12163166123628616,-0.9879056694030762,6.776622897338867,22.101097316741942,1.7669808546702066,0.8213424186376481,0.00022385784611172736,106.3
21,20.927378511047362,0.01916989742293954,0.12151371925473213,-0.9878274798870087,6.771160638618469,22.098366088867188,1.7677002876996994,0.8222213567575297,0.0002167967576343663,108.2
22,20.91539488449097,0.01910427074804902,0.12156969200968742,-0.9886483796119689,6.767861448669434,22.11365249633789,1.767133363087972,0.8220802933836286,0.0002095464696928267,108.1
23,20.900628450775148,0.019112050963193176,0.12152966147065163,-0.9896136370182037,6.762603472137451,22.115482368469237,1.7653065512577693,0.8222447222453957,0.00020212767335319725,108.3
24,20.88387258682251,0.01908416629433632,0.12149453952908516,-0.9904640691280365,6.757443544960022,22.110179634094237,1.768494321902593,0.8223060917019709,0.00019456154057535043,106.7
25,20.880242700195314,0.0190734429910779,0.12153472304344178,-0.990641819190979,6.755880737495422,22.098403701782228,1.7700800081094106,0.8222285923968059,0.00018686966379183572,106.7
26,20.860206788635253,0.019050395837426185,0.12148499665260315,-0.9914326545238494,6.74942474155426,22.09359712600708,1.7694531420866648,0.8223473998939423,0.00017907399428681686,107.4
27,20.844123236846922,0.019039321272075176,0.12144025948047638,-0.9921217218875885,6.744113873672485,22.110325584411623,1.7714475562175116,0.8230068123208675,0.00017119677955090872,107.0
28,20.838330930328368,0.019014976198226213,0.12148575172424317,-0.9923423739910125,6.7420209665298465,22.085499782562255,1.770847636461258,0.8224886843001448,0.00016326049979069205,107.0
29,20.82291086578369,0.01901144476979971,0.12141064957380295,-0.9931882265090942,6.737191394805908,22.086981048583983,1.7718588630358378,0.8229938074477982,0.00015528780377409727,107.9
30,20.812735913085938,0.019001217190921307,0.12140915728211403,-0.9934899700641632,6.7335463800430295,22.088584880828858,1.772450985511144,0.8227375972030873,0.0001473014441947435,106.8
31,20.8027948135376,0.018992706535756586,0.12139017971158028,-0.9937985332012177,6.730159394073486,22.098467292785646,1.7721330940723419,0.822676979769765,0.0001393242127396917,109.2
32,20.7932246635437,0.01897763660773635,0.12139268333911896,-0.9944296848773956,6.7269756883621215,22.099736766815184,1.77139207025369,0.8227837289521747,0.00013137887504591675,108.7
33,20.781415367889405,0.018968541828542948,0.12135463359355926,-0.9948912514209747,6.7231478672027585,22.1099151802063,1.7724314997593562,0.8228596768704146,0.00012348810573112288,106.6
34,20.772213919067383,0.018941442800313235,0.12138423752188683,-0.9956580651283264,6.7201775369644166,22.117243423461915,1.7717059036095937,0.8228622087637435,0.00011567442368431126,109.3
35,20.76562798538208,0.018955052952468396,0.1213537846326828,-0.9952565406799316,6.717366936302185,22.125968284606934,1.772619937856992,0.822769866118423,0.00010796012780077142,108.1
36,20.756083029937745,0.018945137530565263,0.12131613536477089,-0.9957238437652588,6.714465269088745,22.123456287384034,1.7736890316009521,0.8228574613600916,0.00010036723334489578,108.5
37,20.748187395477295,0.018942634251713754,0.12129241997599602,-0.9963474226951599,6.711911135864258,22.108930130004882,1.774030594031016,0.8227066084185327,9.291740912242794e-05,106.8
38,20.742915592193604,0.018944430834800005,0.12126835950613021,-0.9966883899211884,6.710177230262756,22.120149059295656,1.7736141363779703,0.822587301263997,8.563191564144433e-05,109.9
39,20.73934305114746,0.01895573760792613,0.12123963137865067,-0.9967706785202026,6.708809261322021,22.121735343933107,1.7742997070153554,0.8225712438131162,7.853154443854562e-05,110.6
40,20.73307618865967,0.01894559867233038,0.1212105553150177,-0.9972311535358429,6.707119525527954,22.121116943359375,1.7749442378679912,0.82234255560339,7.163655874341321e-05,108.5
41,20.725337274932862,0.01893950434178114,0.12118382248878479,-0.9975240055084229,6.704632516860962,22.115876121520998,1.775083809097608,0.8220428909160462,6.496663565106008e-05,109.6
42,20.71818553466797,0.018939318718016147,0.12115317273139954,-0.9975291432857514,6.702146892547607,22.118374347686768,1.774753475189209,0.8218265747290696,5.854080996681042e-05,107.8
43,20.711551986694335,0.018928293568640946,0.1211521713256836,-0.9976047521591187,6.699844436645508,22.11874309539795,1.773826785882314,0.8218014148928011,5.237741988426125e-05,109.3
44,20.705620529937743,0.018918352614343166,0.12114362818598748,-0.9979168106555939,6.697977527046204,22.12183629989624,1.7728612879912058,0.8219570438797866,4.649405465125456e-05,109.9
45,20.69957049484253,0.018903959659487008,0.121161551207304,-0.9981876711845398,6.695853778076172,22.133756313323975,1.7731478889783223,0.8219291951703828,4.09075043732097e-05,106.8
46,20.694075897979737,0.018896501724421977,0.12115807844400406,-0.9983483907222748,6.693970712471009,22.145835876464844,1.7724855641523998,0.8220151868919608,3.563371209707103e-05,105.8
47,20.689028224182128,0.018891738416254522,0.12114356435537338,-0.9986099600315094,6.692363841247559,22.14741630554199,1.7721904257933299,0.8219805487130726,3.068772831261261e-05,106.1
48,20.684882579803467,0.018889782731235028,0.1211276664018631,-0.9986180401325225,6.69095434589386,22.147138748168945,1.7730470856030782,0.821985282056651,2.6083668000947286e-05,106.0
49,20.681325959777833,0.01888680736348033,0.12111567533016204,-0.9986646391868591,6.689777522277832,22.143103523254396,1.773786477247874,0.8219534904285417,2.183467035281532e-05,106.4
50,20.678106578063964,0.0188819800414145,0.12111208977103233,-0.9987483512878418,6.688701449584961,22.14331745147705,1.7745542267958323,0.8220637753507655,1.795286127160929e-05,106.5
51,20.675501320648195,0.018872550860792398,0.12112185539603233,-0.9987372409820556,6.687801737594604,22.14384090423584,1.7754912396272025,0.8222537214284493,1.4449318768146294e-05,106.4
52,20.673259761047362,0.01886589193865657,0.12112815112471581,-0.9986822363376617,6.686994023323059,22.14615047454834,1.7761291046937306,0.8224336711154135,1.1334041345943469e-05,106.4
53,20.67089128036499,0.01886123573705554,0.12112742756009102,-0.9987565641880035,6.686215390396118,22.145928230285644,1.7765457232793171,0.8226158274308226,8.615919467220687e-06,106.8
54,20.668705835723877,0.018860398081690072,0.12112233837246895,-0.9987791007518768,6.685434758758545,22.14562240600586,1.7770376920700073,0.8227587114910906,6.302710181061101e-06,106.2
55,20.66664215927124,0.018860415122658014,0.12111533679366111,-0.9988775029182434,6.684732190322876,22.146560974121094,1.7769450336694717,0.8228682543459667,4.401014986136667e-06,106.6
56,20.6647390083313,0.018858972612023354,0.12110860326886178,-0.9989247692108154,6.684111025810242,22.148330993652344,1.7770781487226486,0.8229329023466535,2.9162609911740576e-06,107.3
57,20.66293206100464,0.01885508126243949,0.12110455231666566,-0.9989548675060272,6.6835578845977786,22.14964942932129,1.7766848216454187,0.8229877510259649,1.852685426926446e-06,108.0
58,20.661639614868164,0.018853231419622897,0.12110060908198357,-0.9989582722663879,6.683141395568848,22.15040977478027,1.7766034007072449,0.8230192701373634,1.213323553850767e-06,110.5
59,20.661130812835694,0.018853367716819048,0.12109784328341484,-0.9989121485710144,6.682948790931702,22.151126518249512,1.7765840232372283,0.8230367249095585,1e-06,1322.2
